TransactionID,Fecha,Año,Mes,País,Canal,ClienteID,NombreCliente,TipoCliente,SegmentoCliente,TamañoCliente,SKU,Producto,Categoría,Comercial,Unidades,PrecioUnitario,CosteUnitario,ImporteVenta,CosteTotal,MargenBruto,MargenPct
2025-0001,2025-01-06,2025,1,Alemania,Ecommerce,C0106,Felix Becker,B2C,Consumer,Individual,US-008,Urban Flex,Casual,Lukas Weber,4,92.91,46.95,371.64,187.8,183.84,49.47
2025-0002,2025-01-05,2025,1,Francia,Retail Partners,C0406,Nice Footwear Boutique,Retail Partner,Retail Partner,Medium,US-001,Urban Classic,Casual,Pierre Laurent,25,74.79,43.8,1869.79,1095.03,774.76,41.44
2025-0003,2025-01-02,2025,1,España,Retail Partners,C0433,Zapaterías Costa Brava 42,Retail Partner,Retail Partner,Small,US-001,Urban Classic,Casual,Carlos Ruiz,63,78.9,45.34,4970.95,2856.72,2114.23,42.53
2025-0004,2025-01-12,2025,1,Italia,Retail Partners,C0400,Firenze Footwear Boutique,Retail Partner,Retail Partner,Medium,US-001,Urban Classic,Casual,Giulia Romano,49,71.08,43.13,3482.87,2113.57,1369.3,39.32
2025-0005,2025-01-18,2025,1,España,Retail Partners,C0372,Zapaterías Costa Brava,Retail Partner,Retail Partner,Medium,US-002,Urban Runner,Running,Carlos Ruiz,37,88.48,50.17,3273.74,1856.16,1417.58,43.3
2025-0006,2025-01-20,2025,1,Francia,Retail Partners,C0406,Nice Footwear Boutique,Retail Partner,Retail Partner,Medium,US-001,Urban Classic,Casual,Claire Dubois,64,72.56,42.68,4643.96,2731.57,1912.39,41.18
2025-0007,2025-01-25,2025,1,Francia,Ecommerce,C0299,Camille Richard,B2C,Consumer,Individual,US-002,Urban Runner,Running,Claire Dubois,5,101.72,52.75,508.61,263.77,244.84,48.14
2025-0008,2025-01-22,2025,1,Italia,Retail Partners,C0338,Torino Calzature,Retail Partner,Retail Partner,Large,US-004,Urban Trek,Outdoor,Luca Bianchi,66,126.63,84.04,8357.57,5546.35,2811.22,33.64
2025-0009,2025-01-04,2025,1,España,Retail Partners,C0408,Retail Footwear Iberia 35,Retail Partner,Retail Partner,Small,US-006,Urban Eco,Sostenible,Laura Martín,39,103.34,57.93,4030.12,2259.09,1771.03,43.94
2025-0010,2025-01-19,2025,1,España,Retail Partners,C0388,Barcelona Shoe Center 52,Retail Partner,Retail Partner,Medium,US-001,Urban Classic,Casual,Marta Sánchez,24,66.26,42.77,1590.21,1026.39,563.82,35.46
2025-0011,2025-01-03,2025,1,Italia,Retail Partners,C0429,Napoli Shoe Store 91,Retail Partner,Retail Partner,Small,US-004,Urban Trek,Outdoor,Marco Rossi,95,114.39,85.34,10866.94,8107.0,2759.94,25.4
2025-0012,2025-01-12,2025,1,España,Tiendas Propias,C0151,Javier Jiménez,B2C,Consumer,Individual,US-008,Urban Flex,Casual,Marta Sánchez,2,90.27,48.72,180.54,97.45,83.09,46.02
2025-0013,2025-01-03,2025,1,Alemania,Retail Partners,C0339,Hamburg Urban Shoes 30,Retail Partner,Retail Partner,Medium,US-006,Urban Eco,Sostenible,Lukas Weber,27,101.46,57.53,2739.36,1553.31,1186.05,43.3
2025-0014,2025-01-17,2025,1,España,Ecommerce,C0069,Miguel Martín,B2C,Consumer,Individual,US-001,Urban Classic,Casual,Marta Sánchez,4,81.03,41.27,324.12,165.1,159.02,49.06
2025-0015,2025-01-19,2025,1,Italia,Ecommerce,C0210,Giulia Ferrari,B2C,Consumer,Individual,US-004,Urban Trek,Outdoor,Giulia Romano,7,137.29,89.42,961.06,625.91,335.15,34.87
2025-0016,2025-01-22,2025,1,Italia,Retail Partners,C0338,Torino Calzature,Retail Partner,Retail Partner,Large,US-007,Urban Premium,Premium,Marco Rossi,41,143.9,90.29,5899.96,3701.79,2198.17,37.26
2025-0017,2025-01-25,2025,1,Francia,Retail Partners,C0332,Groupe Retail Nord 48,Retail Partner,Retail Partner,Small,US-007,Urban Premium,Premium,Claire Dubois,90,146.95,87.91,13225.5,7911.75,5313.75,40.18
2025-0018,2025-01-12,2025,1,Italia,Retail Partners,C0338,Torino Calzature,Retail Partner,Retail Partner,Large,US-004,Urban Trek,Outdoor,Giulia Romano,47,118.33,87.21,5561.46,4098.98,1462.48,26.3
2025-0019,2025-01-10,2025,1,Francia,Retail Partners,C0330,Chaussures Paris SAS,Retail Partner,Retail Partner,Small,US-008,Urban Flex,Casual,Sophie Martin,22,80.51,50.72,1771.27,1115.9,655.37,37.0
2025-0020,2025-01-05,2025,1,España,Ecommerce,C0168,Sergio García,B2C,Consumer,Individual,US-008,Urban Flex,Casual,Laura Martín,3,84.28,47.72,252.84,143.15,109.69,43.38
2025-0021,2025-02-07,2025,2,Alemania,Amazon,C0252,Clara Schulz,B2C,Consumer,Individual,US-002,Urban Runner,Running,Thomas Schneider,5,93.71,52.41,468.54,262.07,206.47,44.07
2025-0022,2025-02-24,2025,2,España,Ecommerce,C0294,Carlos Martín,B2C,Consumer,Individual,US-001,Urban Classic,Casual,Marta Sánchez,2,81.93,41.83,163.87,83.67,80.2,48.94
2025-0023,2025-02-08,2025,2,Italia,Retail Partners,C0481,Mediterraneo Moda Distribuzione 56,Distribuidor,Distributor,Large,US-002,Urban Runner,Running,Luca Bianchi,191,86.26,55.34,16475.24,10569.04,5906.2,35.85
2025-0024,2025-02-18,2025,2,Francia,Retail Partners,C0500,Distribution Chaussures Ouest 51,Distribuidor,Distributor,Medium,US-004,Urban Trek,Outdoor,Claire Dubois,241,101.03,84.71,24349.36,20414.82,3934.54,16.16
2025-0025,2025-02-19,2025,2,Francia,Ecommerce,C0073,Claire Michel,B2C,Consumer,Individual,US-001,Urban Classic,Casual,Claire Dubois,7,87.28,44.11,610.95,308.8,302.15,49.46
2025-0026,2025-02-02,2025,2,Francia,Ecommerce,C0271,Lucas Richard,B2C,Consumer,Individual,US-001,Urban Classic,Casual,Claire Dubois,6,74.64,43.2,447.86,259.2,188.66,42.12
2025-0027,2025-02-13,2025,2,España,Retail Partners,C0334,Calzados Mediterráneo SL,Retail Partner,Retail Partner,Large,US-003,Urban Business,Formal,Marta Sánchez,36,111.23,69.2,4004.15,2491.36,1512.79,37.78
2025-0028,2025-02-19,2025,2,Francia,Retail Partners,C0394,Mode Chaussure Bordeaux 71,Retail Partner,Retail Partner,Small,US-002,Urban Runner,Running,Sophie Martin,29,88.56,52.6,2568.36,1525.5,1042.86,40.6
2025-0029,2025-02-25,2025,2,Francia,Ecommerce,C0234,Laura Laurent,B2C,Consumer,Individual,US-002,Urban Runner,Running,Pierre Laurent,6,98.21,54.01,589.26,324.06,265.2,45.01
2025-0030,2025-02-07,2025,2,España,Ecommerce,C0119,Ana Pérez,B2C,Consumer,Individual,US-004,Urban Trek,Outdoor,Marta Sánchez,8,121.01,89.95,968.1,719.56,248.54,25.67
2025-0031,2025-02-27,2025,2,Italia,Retail Partners,C0415,Firenze Footwear Boutique 85,Retail Partner,Retail Partner,Medium,US-001,Urban Classic,Casual,Giulia Romano,26,67.07,43.45,1743.7,1129.7,614.0,35.21
2025-0032,2025-02-18,2025,2,Italia,Ecommerce,C0277,Martina Bruno,B2C,Consumer,Individual,US-002,Urban Runner,Running,Marco Rossi,8,92.48,51.22,739.8,409.79,330.01,44.61
2025-0033,2025-02-13,2025,2,Francia,Ecommerce,C0195,Hugo Leroy,B2C,Consumer,Individual,US-004,Urban Trek,Outdoor,Claire Dubois,3,136.11,88.42,408.33,265.25,143.08,35.04
2025-0034,2025-02-09,2025,2,Francia,Tiendas Propias,C0019,Louis Dubois,B2C,Consumer,Individual,US-001,Urban Classic,Casual,Sophie Martin,5,76.32,43.83,381.62,219.15,162.47,42.57
2025-0035,2025-02-04,2025,2,Alemania,Retail Partners,C0356,Stuttgart Schuhhaus 51,Retail Partner,Retail Partner,Small,US-003,Urban Business,Formal,Anna Keller,54,110.99,72.73,5993.33,3927.37,2065.96,34.47
2025-0036,2025-02-11,2025,2,Alemania,Amazon,C0284,Leon Klein,B2C,Consumer,Individual,US-002,Urban Runner,Running,Lukas Weber,7,101.13,54.35,707.93,380.44,327.49,46.26
2025-0037,2025-02-17,2025,2,Francia,Retail Partners,C0445,Chaussures Paris SAS 74,Retail Partner,Retail Partner,Large,US-001,Urban Classic,Casual,Pierre Laurent,78,70.3,43.91,5483.4,3425.05,2058.35,37.54
2025-0038,2025-02-17,2025,2,Francia,Amazon,C0159,Emma Robert,B2C,Consumer,Individual,US-001,Urban Classic,Casual,Pierre Laurent,6,78.52,41.84,471.14,251.06,220.08,46.71
2025-0039,2025-02-11,2025,2,Italia,Retail Partners,C0369,Genova Calzature,Retail Partner,Retail Partner,Large,US-007,Urban Premium,Premium,Giulia Romano,23,143.9,94.5,3309.81,2173.56,1136.25,34.33
2025-0040,2025-02-08,2025,2,España,Retail Partners,C0478,Distribuciones Levante Shoes 40,Distribuidor,Distributor,Large,US-004,Urban Trek,Outdoor,Marta Sánchez,253,107.72,87.98,27253.39,22259.03,4994.36,18.33
2025-0041,2025-03-18,2025,3,Alemania,Ecommerce,C0140,Mia Schmidt,B2C,Consumer,Individual,US-003,Urban Business,Formal,Thomas Schneider,3,115.1,66.41,345.3,199.23,146.07,42.3
2025-0042,2025-03-25,2025,3,Alemania,Retail Partners,C0431,Cologne Shoe Market 37,Retail Partner,Retail Partner,Medium,US-005,Urban Kids,Infantil,Anna Keller,87,60.19,30.35,5236.36,2640.3,2596.06,49.58
2025-0043,2025-03-27,2025,3,Francia,Retail Partners,C0394,Mode Chaussure Bordeaux 71,Retail Partner,Retail Partner,Small,US-002,Urban Runner,Running,Sophie Martin,91,88.84,54.41,8084.81,4951.25,3133.56,38.76
2025-0044,2025-03-24,2025,3,Italia,Retail Partners,C0454,Mediterraneo Moda Distribuzione,Distribuidor,Distributor,Large,US-008,Urban Flex,Casual,Giulia Romano,157,78.13,50.39,12266.64,7910.67,4355.97,35.51
2025-0045,2025-03-20,2025,3,España,Ecommerce,C0323,Javier López,B2C,Consumer,Individual,US-001,Urban Classic,Casual,Laura Martín,5,82.08,43.41,410.41,217.03,193.38,47.12
2025-0046,2025-03-16,2025,3,España,Ecommerce,C0300,Marta Sánchez,B2C,Consumer,Individual,US-005,Urban Kids,Infantil,Marta Sánchez,8,56.29,31.85,450.35,254.77,195.58,43.43
2025-0047,2025-03-01,2025,3,España,Retail Partners,C0377,Valencia Calzado Retail 49,Retail Partner,Retail Partner,Small,US-003,Urban Business,Formal,Carlos Ruiz,37,101.93,67.13,3771.24,2483.68,1287.56,34.14
2025-0048,2025-03-15,2025,3,España,Tiendas Propias,C0056,Miguel Sánchez,B2C,Consumer,Individual,US-006,Urban Eco,Sostenible,Marta Sánchez,2,104.84,62.32,209.69,124.65,85.04,40.56
2025-0049,2025-03-13,2025,3,España,Retail Partners,C0361,Calzados Mediterráneo SL 30,Retail Partner,Retail Partner,Large,US-007,Urban Premium,Premium,Marta Sánchez,74,137.3,84.92,10160.12,6284.2,3875.92,38.15
2025-0050,2025-03-27,2025,3,Italia,Amazon,C0172,Martina Ferrari,B2C,Consumer,Individual,US-004,Urban Trek,Outdoor,Marco Rossi,1,132.06,86.21,132.06,86.21,45.85,34.72
2025-0051,2025-03-21,2025,3,España,Tiendas Propias,C0268,Sergio Gómez,B2C,Consumer,Individual,US-003,Urban Business,Formal,Laura Martín,1,122.62,69.49,122.62,69.49,53.13,43.33
2025-0052,2025-03-20,2025,3,Francia,Ecommerce,C0073,Claire Michel,B2C,Consumer,Individual,US-006,Urban Eco,Sostenible,Sophie Martin,5,110.42,58.62,552.11,293.1,259.01,46.91
2025-0053,2025-03-19,2025,3,Alemania,Retail Partners,C0339,Hamburg Urban Shoes 30,Retail Partner,Retail Partner,Medium,US-006,Urban Eco,Sostenible,Thomas Schneider,77,90.19,59.16,6944.45,4555.67,2388.78,34.4
2025-0054,2025-03-15,2025,3,Francia,Retail Partners,C0341,Sud France Shoes,Retail Partner,Retail Partner,Medium,US-003,Urban Business,Formal,Sophie Martin,42,112.16,72.6,4710.76,3049.05,1661.71,35.27
2025-0055,2025-03-21,2025,3,Italia,Amazon,C0162,Chiara Ricci,B2C,Consumer,Individual,US-005,Urban Kids,Infantil,Giulia Romano,2,55.84,31.34,111.68,62.68,49.0,43.88
2025-0056,2025-03-25,2025,3,Italia,Ecommerce,C0104,Sara Costa,B2C,Consumer,Individual,US-004,Urban Trek,Outdoor,Marco Rossi,3,128.76,85.48,386.29,256.45,129.84,33.61
2025-0057,2025-03-14,2025,3,Francia,Tiendas Propias,C0212,Nicolas Durand,B2C,Consumer,Individual,US-001,Urban Classic,Casual,Pierre Laurent,3,76.01,43.91,228.04,131.73,96.31,42.23
2025-0058,2025-03-07,2025,3,Italia,Amazon,C0320,Davide Bianchi,B2C,Consumer,Individual,US-002,Urban Runner,Running,Marco Rossi,3,94.16,50.74,282.49,152.22,130.27,46.11
2025-0059,2025-03-16,2025,3,España,Retail Partners,C0184,Sergio Jiménez,B2C,Consumer,Individual,US-003,Urban Business,Formal,Laura Martín,8,122.31,65.33,978.49,522.62,455.87,46.59
2025-0060,2025-03-18,2025,3,Italia,Ecommerce,C0208,Sofia Bruno,B2C,Consumer,Individual,US-003,Urban Business,Formal,Giulia Romano,2,123.55,65.33,247.1,130.67,116.43,47.12
2025-0061,2025-04-02,2025,4,Francia,Retail Partners,C0435,Groupe Retail Nord 64,Retail Partner,Retail Partner,Small,US-001,Urban Classic,Casual,Claire Dubois,38,64.72,42.08,2459.4,1599.0,860.4,34.98
2025-0062,2025-04-10,2025,4,Francia,Retail Partners,C0500,Distribution Chaussures Ouest 51,Distribuidor,Distributor,Medium,US-008,Urban Flex,Casual,Claire Dubois,92,67.28,50.72,6190.2,4666.67,1523.53,24.61
2025-0063,2025-04-02,2025,4,Italia,Retail Partners,C0427,Milano Shoe Retail SRL 99,Retail Partner,Retail Partner,Large,US-006,Urban Eco,Sostenible,Marco Rossi,42,106.95,60.9,4491.9,2557.61,1934.29,43.06
2025-0064,2025-04-04,2025,4,España,Retail Partners,C0428,Andalucía Shoe Market 58,Retail Partner,Retail Partner,Medium,US-006,Urban Eco,Sostenible,Marta Sánchez,74,105.85,56.13,7832.82,4153.76,3679.06,46.97
2025-0065,2025-04-21,2025,4,España,Retail Partners,C0387,Calzados Mediterráneo SL 47,Retail Partner,Retail Partner,Medium,US-004,Urban Trek,Outdoor,Marta Sánchez,46,123.23,82.71,5668.57,3804.88,1863.69,32.88
2025-0066,2025-04-20,2025,4,Francia,Tiendas Propias,C0164,Manon Bernard,B2C,Consumer,Individual,US-003,Urban Business,Formal,Pierre Laurent,6,116.23,69.97,697.39,419.84,277.55,39.8
2025-0067,2025-04-23,2025,4,Italia,Tiendas Propias,C0393,Veneto Fashion Retail,Retail Partner,Retail Partner,Large,US-004,Urban Trek,Outdoor,Giulia Romano,83,119.42,83.44,9911.49,6925.11,2986.38,30.13
2025-0068,2025-04-20,2025,4,España,Tiendas Propias,C0084,Lucía Martín,B2C,Consumer,Individual,US-003,Urban Business,Formal,Carlos Ruiz,2,126.47,66.97,252.93,133.94,118.99,47.04
2025-0069,2025-04-10,2025,4,España,Retail Partners,C0081,Javier González,B2C,Consumer,Individual,US-006,Urban Eco,Sostenible,Carlos Ruiz,4,101.59,57.08,406.37,228.32,178.05,43.81
2025-0070,2025-04-19,2025,4,España,Retail Partners,C0387,Calzados Mediterráneo SL 47,Retail Partner,Retail Partner,Medium,US-004,Urban Trek,Outdoor,Marta Sánchez,20,109.33,85.0,2186.65,1699.99,486.66,22.26
2025-0071,2025-04-16,2025,4,Alemania,Tiendas Propias,C0324,Thomas Wagner,B2C,Consumer,Individual,US-002,Urban Runner,Running,Anna Keller,6,108.51,52.91,651.03,317.46,333.57,51.24
2025-0072,2025-04-24,2025,4,Francia,Retail Partners,C0467,Euro Mode France,Distribuidor,Distributor,Large,US-007,Urban Premium,Premium,Sophie Martin,217,140.07,89.36,30394.17,19391.92,11002.25,36.2
2025-0073,2025-04-26,2025,4,España,Retail Partners,C0434,Zapaterías Costa Brava 34,Retail Partner,Retail Partner,Small,US-004,Urban Trek,Outdoor,Carlos Ruiz,22,115.32,88.59,2536.95,1949.02,587.93,23.17
2025-0074,2025-04-19,2025,4,España,Ecommerce,C0046,Clara Jiménez,B2C,Consumer,Individual,US-002,Urban Runner,Running,Marta Sánchez,7,103.23,55.18,722.64,386.24,336.4,46.55
2025-0075,2025-04-08,2025,4,Francia,Retail Partners,C0406,Nice Footwear Boutique,Retail Partner,Retail Partner,Medium,US-005,Urban Kids,Infantil,Pierre Laurent,60,54.1,29.78,3246.28,1786.64,1459.64,44.96
2025-0076,2025-04-03,2025,4,Alemania,Retail Partners,C0383,Munich Shoe Center,Retail Partner,Retail Partner,Medium,US-004,Urban Trek,Outdoor,Lukas Weber,42,113.04,89.61,4747.78,3763.47,984.31,20.73
2025-0077,2025-04-25,2025,4,Italia,Retail Partners,C0418,Genova Calzature 83,Retail Partner,Retail Partner,Medium,US-001,Urban Classic,Casual,Giulia Romano,63,78.11,44.01,4920.77,2772.72,2148.05,43.65
2025-0078,2025-04-28,2025,4,Alemania,Ecommerce,C0360,Stuttgart Schuhhaus 85,Retail Partner,Retail Partner,Medium,US-005,Urban Kids,Infantil,Thomas Schneider,36,50.83,28.93,1829.92,1041.54,788.38,43.08
2025-0079,2025-04-04,2025,4,España,Ecommerce,C0074,Laura Fernández,B2C,Consumer,Individual,US-005,Urban Kids,Infantil,Marta Sánchez,2,58.41,32.0,116.82,64.0,52.82,45.21
2025-0080,2025-04-10,2025,4,Italia,Retail Partners,C0490,Logistica Scarpe Italia 77,Distribuidor,Distributor,Large,US-004,Urban Trek,Outdoor,Giulia Romano,159,107.85,83.74,17148.27,13314.73,3833.54,22.36
2025-0081,2025-05-17,2025,5,Italia,Retail Partners,C0457,Logistica Scarpe Italia,Distribuidor,Distributor,Strategic,US-002,Urban Runner,Running,Marco Rossi,120,81.66,50.02,9798.87,6001.82,3797.05,38.75
2025-0082,2025-05-10,2025,5,España,Ecommerce,C0229,Lucía González,B2C,Consumer,Individual,US-002,Urban Runner,Running,Marta Sánchez,5,102.3,50.99,511.5,254.94,256.56,50.16
2025-0083,2025-05-13,2025,5,Francia,Tiendas Propias,C0299,Camille Richard,B2C,Consumer,Individual,US-001,Urban Classic,Casual,Sophie Martin,8,86.31,40.57,690.52,324.59,365.93,52.99
2025-0084,2025-05-27,2025,5,Francia,Ecommerce,C0019,Louis Dubois,B2C,Consumer,Individual,US-004,Urban Trek,Outdoor,Sophie Martin,8,134.28,84.79,1074.25,678.3,395.95,36.86
2025-0085,2025-05-26,2025,5,Italia,Retail Partners,C0298,Marco Marino,B2C,Consumer,Individual,US-001,Urban Classic,Casual,Luca Bianchi,8,81.54,40.79,652.35,326.31,326.04,49.98
2025-0086,2025-05-12,2025,5,Francia,Retail Partners,C0398,Chaussures Paris SAS 21,Retail Partner,Retail Partner,Medium,US-003,Urban Business,Formal,Pierre Laurent,48,100.17,72.59,4808.25,3484.27,1323.98,27.54
2025-0087,2025-05-16,2025,5,Alemania,Ecommerce,C0089,Anna Becker,B2C,Consumer,Individual,US-006,Urban Eco,Sostenible,Anna Keller,6,110.26,55.89,661.58,335.34,326.24,49.31
2025-0088,2025-05-04,2025,5,Francia,Amazon,C0147,Antoine Michel,B2C,Consumer,Individual,US-002,Urban Runner,Running,Pierre Laurent,6,102.84,50.71,617.05,304.29,312.76,50.69
2025-0089,2025-05-14,2025,5,Italia,Retail Partners,C0338,Torino Calzature,Retail Partner,Retail Partner,Large,US-004,Urban Trek,Outdoor,Marco Rossi,29,123.44,87.03,3579.62,2523.99,1055.63,29.49
2025-0090,2025-05-14,2025,5,Francia,Retail Partners,C0379,Mode Chaussure Bordeaux,Retail Partner,Retail Partner,Small,US-003,Urban Business,Formal,Claire Dubois,63,102.98,70.94,6487.95,4469.44,2018.51,31.11
2025-0091,2025-05-16,2025,5,Francia,Retail Partners,C0467,Euro Mode France,Distribuidor,Distributor,Large,US-001,Urban Classic,Casual,Sophie Martin,251,62.45,45.01,15675.64,11297.9,4377.74,27.93
2025-0092,2025-05-04,2025,5,Francia,Retail Partners,C0394,Mode Chaussure Bordeaux 71,Retail Partner,Retail Partner,Small,US-001,Urban Classic,Casual,Claire Dubois,76,65.76,45.14,4997.89,3430.46,1567.43,31.36
2025-0093,2025-05-25,2025,5,Italia,Retail Partners,C0429,Napoli Shoe Store 91,Retail Partner,Retail Partner,Small,US-002,Urban Runner,Running,Luca Bianchi,27,87.22,55.02,2354.87,1485.49,869.38,36.92
2025-0094,2025-05-22,2025,5,Italia,Retail Partners,C0427,Milano Shoe Retail SRL 99,Retail Partner,Retail Partner,Large,US-003,Urban Business,Formal,Giulia Romano,57,104.22,70.0,5940.73,3989.77,1950.96,32.84
2025-0095,2025-05-03,2025,5,Italia,Amazon,C0110,Luca Ricci,B2C,Consumer,Individual,US-008,Urban Flex,Casual,Luca Bianchi,7,94.27,50.28,659.88,351.97,307.91,46.66
2025-0096,2025-05-02,2025,5,Alemania,Ecommerce,C0050,Lukas Becker,B2C,Consumer,Individual,US-007,Urban Premium,Premium,Anna Keller,5,140.24,94.0,701.22,469.98,231.24,32.98
2025-0097,2025-05-13,2025,5,Alemania,Retail Partners,C0336,Bavaria Footwear Group,Retail Partner,Retail Partner,Medium,US-001,Urban Classic,Casual,Thomas Schneider,56,78.59,41.51,4401.02,2324.31,2076.71,47.19
2025-0098,2025-05-07,2025,5,Francia,Amazon,C0125,Thomas Petit,B2C,Consumer,Individual,US-003,Urban Business,Formal,Claire Dubois,4,124.86,69.15,499.44,276.62,222.82,44.61
2025-0099,2025-05-24,2025,5,Alemania,Retail Partners,C0356,Stuttgart Schuhhaus 51,Retail Partner,Retail Partner,Small,US-001,Urban Classic,Casual,Lukas Weber,36,64.92,40.68,2337.16,1464.54,872.62,37.34
2025-0100,2025-05-14,2025,5,Alemania,Retail Partners,C0365,Cologne Shoe Market 81,Retail Partner,Retail Partner,Medium,US-001,Urban Classic,Casual,Thomas Schneider,73,78.47,44.82,5728.37,3272.13,2456.24,42.88
2025-0101,2025-06-20,2025,6,Francia,Ecommerce,C0147,Antoine Michel,B2C,Consumer,Individual,US-006,Urban Eco,Sostenible,Sophie Martin,7,108.34,56.97,758.39,398.81,359.58,47.41
2025-0102,2025-06-02,2025,6,Alemania,Retail Partners,C0336,Bavaria Footwear Group,Retail Partner,Retail Partner,Medium,US-005,Urban Kids,Infantil,Thomas Schneider,54,52.68,30.77,2844.69,1661.37,1183.32,41.6
2025-0103,2025-06-28,2025,6,Francia,Retail Partners,C0318,Camille Martin,B2C,Consumer,Individual,US-003,Urban Business,Formal,Pierre Laurent,2,113.71,71.25,227.43,142.49,84.94,37.35
2025-0104,2025-06-20,2025,6,España,Retail Partners,C0396,Madrid Urban Shoes 16,Retail Partner,Retail Partner,Medium,US-002,Urban Runner,Running,Laura Martín,29,94.5,53.28,2740.45,1545.25,1195.2,43.61
2025-0105,2025-06-12,2025,6,Francia,Tiendas Propias,C0192,Pierre Dubois,B2C,Consumer,Individual,US-003,Urban Business,Formal,Pierre Laurent,8,122.96,67.99,983.71,543.88,439.83,44.71
2025-0106,2025-06-06,2025,6,España,Amazon,C0022,Clara Martínez,B2C,Consumer,Individual,US-005,Urban Kids,Infantil,Marta Sánchez,5,55.52,30.5,277.61,152.52,125.09,45.06
2025-0107,2025-06-26,2025,6,Alemania,Ecommerce,C0241,Lukas Richter,B2C,Consumer,Individual,US-002,Urban Runner,Running,Lukas Weber,2,94.33,50.4,188.66,100.8,87.86,46.57
2025-0108,2025-06-19,2025,6,Italia,Amazon,C0311,Marco Bruno,B2C,Consumer,Individual,US-007,Urban Premium,Premium,Luca Bianchi,1,158.46,90.86,158.46,90.86,67.6,42.66
2025-0109,2025-06-28,2025,6,Francia,Ecommerce,C0048,Camille Simon,B2C,Consumer,Individual,US-002,Urban Runner,Running,Sophie Martin,4,100.71,54.91,402.84,219.63,183.21,45.48
2025-0110,2025-06-14,2025,6,España,Amazon,C0023,Raúl Rodríguez,B2C,Consumer,Individual,US-004,Urban Trek,Outdoor,Carlos Ruiz,3,139.42,89.28,418.26,267.83,150.43,35.97
2025-0111,2025-06-02,2025,6,Francia,Ecommerce,C0348,Retail Lyon Footwear,Retail Partner,Retail Partner,Medium,US-002,Urban Runner,Running,Sophie Martin,64,86.11,51.57,5511.2,3300.47,2210.73,40.11
2025-0112,2025-06-16,2025,6,Francia,Retail Partners,C0228,Louis Laurent,B2C,Consumer,Individual,US-006,Urban Eco,Sostenible,Pierre Laurent,4,108.82,60.59,435.29,242.36,192.93,44.32
2025-0113,2025-06-17,2025,6,Alemania,Ecommerce,C0211,Laura Müller,B2C,Consumer,Individual,US-002,Urban Runner,Running,Thomas Schneider,8,98.88,51.89,791.02,415.12,375.9,47.52
2025-0114,2025-06-09,2025,6,España,Tiendas Propias,C0416,Barcelona Shoe Center 75,Retail Partner,Retail Partner,Small,US-004,Urban Trek,Outdoor,Carlos Ruiz,75,118.29,88.25,8871.78,6618.83,2252.95,25.39
2025-0115,2025-06-07,2025,6,España,Retail Partners,C0245,Javier Martínez,B2C,Consumer,Individual,US-003,Urban Business,Formal,Marta Sánchez,4,126.4,70.08,505.6,280.34,225.26,44.55
2025-0116,2025-06-01,2025,6,Italia,Amazon,C0317,Giulia Romano,B2C,Consumer,Individual,US-002,Urban Runner,Running,Giulia Romano,1,104.06,55.11,104.06,55.11,48.95,47.04
2025-0117,2025-06-20,2025,6,España,Ecommerce,C0066,Nuria Rodríguez,B2C,Consumer,Individual,US-002,Urban Runner,Running,Laura Martín,5,96.56,50.13,482.79,250.66,232.13,48.08
2025-0118,2025-06-28,2025,6,Francia,Ecommerce,C0171,Camille Durand,B2C,Consumer,Individual,US-008,Urban Flex,Casual,Claire Dubois,2,94.11,45.8,188.23,91.59,96.64,51.34
2025-0119,2025-06-09,2025,6,Italia,Ecommerce,C0165,Marco Greco,B2C,Consumer,Individual,US-006,Urban Eco,Sostenible,Giulia Romano,3,118.95,60.52,356.85,181.57,175.28,49.12
2025-0120,2025-06-25,2025,6,Alemania,Retail Partners,C0363,Hamburg Urban Shoes 42,Retail Partner,Retail Partner,Medium,US-008,Urban Flex,Casual,Lukas Weber,55,86.86,49.02,4777.33,2696.33,2081.0,43.56
2025-0121,2025-07-09,2025,7,Italia,Amazon,C0104,Sara Costa,B2C,Consumer,Individual,US-006,Urban Eco,Sostenible,Giulia Romano,7,108.99,62.61,762.96,438.28,324.68,42.56
2025-0122,2025-07-18,2025,7,España,Ecommerce,C0156,Alberto Gómez,B2C,Consumer,Individual,US-004,Urban Trek,Outdoor,Carlos Ruiz,3,134.96,82.71,404.87,248.12,156.75,38.72
2025-0123,2025-07-24,2025,7,Italia,Ecommerce,C0187,Sara Bruno,B2C,Consumer,Individual,US-005,Urban Kids,Infantil,Giulia Romano,2,55.24,29.05,110.48,58.11,52.37,47.4
2025-0124,2025-07-23,2025,7,España,Retail Partners,C0439,Andalucía Shoe Market 93,Retail Partner,Retail Partner,Medium,US-001,Urban Classic,Casual,Carlos Ruiz,20,76.44,43.67,1528.83,873.39,655.44,42.87
2025-0125,2025-07-24,2025,7,Francia,Tiendas Propias,C0299,Camille Richard,B2C,Consumer,Individual,US-005,Urban Kids,Infantil,Sophie Martin,8,59.95,30.25,479.58,242.03,237.55,49.53
2025-0126,2025-07-13,2025,7,España,Retail Partners,C0477,Distribuciones Levante Shoes 56,Distribuidor,Distributor,Strategic,US-001,Urban Classic,Casual,Laura Martín,217,73.59,42.13,15969.84,9141.98,6827.86,42.75
2025-0127,2025-07-21,2025,7,Alemania,Retail Partners,C0449,Frankfurt Retail Shoes 20,Retail Partner,Retail Partner,Small,US-002,Urban Runner,Running,Anna Keller,63,86.15,52.79,5427.26,3325.65,2101.61,38.72
2025-0128,2025-07-21,2025,7,España,Ecommerce,C0074,Laura Fernández,B2C,Consumer,Individual,US-005,Urban Kids,Infantil,Marta Sánchez,5,62.26,32.03,311.3,160.14,151.16,48.56
2025-0129,2025-07-19,2025,7,España,Amazon,C0173,Marta Rodríguez,B2C,Consumer,Individual,US-005,Urban Kids,Infantil,Laura Martín,3,55.25,28.89,165.75,86.67,79.08,47.71
2025-0130,2025-07-01,2025,7,España,Retail Partners,C0333,Valencia Calzado Retail,Retail Partner,Retail Partner,Small,US-005,Urban Kids,Infantil,Laura Martín,83,54.24,31.8,4501.99,2639.67,1862.32,41.37
2025-0131,2025-07-15,2025,7,España,Amazon,C0226,Alberto Fernández,B2C,Consumer,Individual,US-003,Urban Business,Formal,Marta Sánchez,4,127.96,70.73,511.83,282.9,228.93,44.73
2025-0132,2025-07-16,2025,7,Francia,Tiendas Propias,C0399,Groupe Retail Nord 56,Retail Partner,Retail Partner,Large,US-002,Urban Runner,Running,Claire Dubois,29,84.6,50.8,2453.27,1473.3,979.97,39.95
2025-0133,2025-07-04,2025,7,Italia,Ecommerce,C0235,Sara Romano,B2C,Consumer,Individual,US-001,Urban Classic,Casual,Giulia Romano,1,86.33,44.46,86.33,44.46,41.87,48.5
2025-0134,2025-07-03,2025,7,Alemania,Retail Partners,C0356,Stuttgart Schuhhaus 51,Retail Partner,Retail Partner,Small,US-006,Urban Eco,Sostenible,Anna Keller,33,94.21,59.82,3108.85,1974.09,1134.76,36.5
2025-0135,2025-07-07,2025,7,Alemania,Retail Partners,C0339,Hamburg Urban Shoes 30,Retail Partner,Retail Partner,Medium,US-002,Urban Runner,Running,Anna Keller,93,95.4,51.93,8872.41,4829.19,4043.22,45.57
2025-0136,2025-07-06,2025,7,España,Retail Partners,C0153,Raúl Martín,B2C,Consumer,Individual,US-002,Urban Runner,Running,Carlos Ruiz,7,95.06,52.23,665.45,365.6,299.85,45.06
2025-0137,2025-07-16,2025,7,Francia,Ecommerce,C0228,Louis Laurent,B2C,Consumer,Individual,US-001,Urban Classic,Casual,Sophie Martin,7,84.53,40.4,591.7,282.79,308.91,52.21
2025-0138,2025-07-25,2025,7,España,Ecommerce,C0128,Javier Rodríguez,B2C,Consumer,Individual,US-005,Urban Kids,Infantil,Carlos Ruiz,5,59.29,31.71,296.45,158.53,137.92,46.52
2025-0139,2025-07-23,2025,7,España,Retail Partners,C0124,Elena Martín,B2C,Consumer,Individual,US-004,Urban Trek,Outdoor,Laura Martín,7,125.53,83.38,878.68,583.66,295.02,33.58
2025-0140,2025-07-04,2025,7,Italia,Retail Partners,C0415,Firenze Footwear Boutique 85,Retail Partner,Retail Partner,Medium,US-004,Urban Trek,Outdoor,Luca Bianchi,58,112.53,81.65,6526.99,4735.5,1791.49,27.45
2025-0141,2025-08-09,2025,8,Italia,Tiendas Propias,C0101,Giulia Costa,B2C,Consumer,Individual,US-004,Urban Trek,Outdoor,Marco Rossi,8,137.86,88.33,1102.86,706.6,396.26,35.93
2025-0142,2025-08-21,2025,8,Italia,Ecommerce,C0136,Elena Rossi,B2C,Consumer,Individual,US-003,Urban Business,Formal,Giulia Romano,3,125.02,65.63,375.07,196.9,178.17,47.5
2025-0143,2025-08-18,2025,8,Francia,Amazon,C0175,Sophie Leroy,B2C,Consumer,Individual,US-004,Urban Trek,Outdoor,Sophie Martin,8,120.98,89.15,967.81,713.22,254.59,26.31
2025-0144,2025-08-11,2025,8,España,Ecommerce,C0205,Alberto Sánchez,B2C,Consumer,Individual,US-001,Urban Classic,Casual,Carlos Ruiz,4,83.73,43.31,334.91,173.23,161.68,48.28
2025-0145,2025-08-24,2025,8,Italia,Ecommerce,C0095,Martina Marino,B2C,Consumer,Individual,US-002,Urban Runner,Running,Giulia Romano,2,97.88,50.53,195.76,101.06,94.7,48.38
2025-0146,2025-08-20,2025,8,Francia,Retail Partners,C0348,Retail Lyon Footwear,Retail Partner,Retail Partner,Medium,US-001,Urban Classic,Casual,Pierre Laurent,94,70.04,44.81,6583.75,4211.96,2371.79,36.02
2025-0147,2025-08-05,2025,8,Francia,Ecommerce,C0192,Pierre Dubois,B2C,Consumer,Individual,US-005,Urban Kids,Infantil,Sophie Martin,6,65.23,29.53,391.38,177.17,214.21,54.73
2025-0148,2025-08-10,2025,8,España,Retail Partners,C0355,Madrid Urban Shoes 49,Retail Partner,Retail Partner,Small,US-001,Urban Classic,Casual,Marta Sánchez,79,70.99,41.18,5608.28,3253.45,2354.83,41.99
2025-0149,2025-08-16,2025,8,Italia,Ecommerce,C0272,Sofia Gallo,B2C,Consumer,Individual,US-004,Urban Trek,Outdoor,Marco Rossi,4,121.98,90.34,487.91,361.36,126.55,25.94
2025-0150,2025-08-11,2025,8,Alemania,Retail Partners,C0321,Jonas Schmidt,B2C,Consumer,Individual,US-001,Urban Classic,Casual,Lukas Weber,7,83.94,41.56,587.57,290.94,296.63,50.48
2025-0151,2025-08-16,2025,8,Alemania,Retail Partners,C0367,Düsseldorf Footwear Store 94,Retail Partner,Retail Partner,Small,US-008,Urban Flex,Casual,Thomas Schneider,93,83.9,47.48,7802.82,4415.29,3387.53,43.41
2025-0152,2025-08-01,2025,8,España,Retail Partners,C0416,Barcelona Shoe Center 75,Retail Partner,Retail Partner,Small,US-003,Urban Business,Formal,Marta Sánchez,32,108.89,67.24,3484.43,2151.76,1332.67,38.25
2025-0153,2025-08-10,2025,8,Alemania,Retail Partners,C0424,Hamburg Urban Shoes 78,Retail Partner,Retail Partner,Large,US-002,Urban Runner,Running,Anna Keller,50,93.08,50.49,4654.11,2524.31,2129.8,45.76
2025-0154,2025-08-06,2025,8,Alemania,Retail Partners,C0347,Hamburg Urban Shoes 80,Retail Partner,Retail Partner,Small,US-001,Urban Classic,Casual,Lukas Weber,78,73.36,41.02,5722.03,3199.46,2522.57,44.09
2025-0155,2025-08-10,2025,8,Italia,Retail Partners,C0427,Milano Shoe Retail SRL 99,Retail Partner,Retail Partner,Large,US-007,Urban Premium,Premium,Giulia Romano,29,134.37,91.77,3896.77,2661.46,1235.31,31.7
2025-0156,2025-08-24,2025,8,Italia,Retail Partners,C0421,Veneto Fashion Retail 15,Retail Partner,Retail Partner,Medium,US-004,Urban Trek,Outdoor,Marco Rossi,46,128.65,82.43,5917.75,3791.59,2126.16,35.93
2025-0157,2025-08-12,2025,8,Alemania,Retail Partners,C0347,Hamburg Urban Shoes 80,Retail Partner,Retail Partner,Small,US-007,Urban Premium,Premium,Anna Keller,34,128.49,89.39,4368.65,3039.4,1329.25,30.43
2025-0158,2025-08-21,2025,8,Italia,Retail Partners,C0427,Milano Shoe Retail SRL 99,Retail Partner,Retail Partner,Large,US-005,Urban Kids,Infantil,Giulia Romano,46,50.88,30.01,2340.69,1380.26,960.43,41.03
2025-0159,2025-08-14,2025,8,Italia,Retail Partners,C0400,Firenze Footwear Boutique,Retail Partner,Retail Partner,Medium,US-006,Urban Eco,Sostenible,Giulia Romano,48,96.92,61.93,4652.28,2972.62,1679.66,36.1
2025-0160,2025-08-27,2025,8,Francia,Ecommerce,C0024,Thomas Richard,B2C,Consumer,Individual,US-003,Urban Business,Formal,Claire Dubois,2,120.74,69.62,241.48,139.24,102.24,42.34
2025-0161,2025-09-03,2025,9,Francia,Tiendas Propias,C0111,Hugo Bernard,B2C,Consumer,Individual,US-006,Urban Eco,Sostenible,Sophie Martin,2,105.07,61.83,210.13,123.66,86.47,41.15
2025-0162,2025-09-07,2025,9,España,Retail Partners,C0432,Zapaterías Costa Brava 33,Retail Partner,Retail Partner,Medium,US-001,Urban Classic,Casual,Marta Sánchez,55,65.46,41.07,3600.19,2258.61,1341.58,37.26
2025-0163,2025-09-24,2025,9,España,Tiendas Propias,C0229,Lucía González,B2C,Consumer,Individual,US-008,Urban Flex,Casual,Marta Sánchez,3,90.36,47.49,271.09,142.47,128.62,47.45
2025-0164,2025-09-11,2025,9,España,Ecommerce,C0232,Clara Sánchez,B2C,Consumer,Individual,US-007,Urban Premium,Premium,Carlos Ruiz,4,160.96,89.97,643.85,359.87,283.98,44.11
2025-0165,2025-09-05,2025,9,Italia,Retail Partners,C0366,Napoli Shoe Store,Retail Partner,Retail Partner,Small,US-003,Urban Business,Formal,Giulia Romano,87,113.82,68.91,9902.0,5995.46,3906.54,39.45
2025-0166,2025-09-12,2025,9,España,Ecommerce,C0203,Nuria Jiménez,B2C,Consumer,Individual,US-002,Urban Runner,Running,Carlos Ruiz,5,105.79,50.22,528.93,251.08,277.85,52.53
2025-0167,2025-09-22,2025,9,España,Retail Partners,C0416,Barcelona Shoe Center 75,Retail Partner,Retail Partner,Small,US-005,Urban Kids,Infantil,Laura Martín,56,52.07,29.43,2915.98,1648.15,1267.83,43.48
2025-0168,2025-09-18,2025,9,España,Ecommerce,C0282,Sergio Fernández,B2C,Consumer,Individual,US-004,Urban Trek,Outdoor,Marta Sánchez,8,126.02,83.48,1008.13,667.85,340.28,33.75
2025-0169,2025-09-10,2025,9,España,Ecommerce,C0137,Carlos Pérez,B2C,Consumer,Individual,US-001,Urban Classic,Casual,Laura Martín,8,81.15,41.14,649.18,329.12,320.06,49.3
2025-0170,2025-09-18,2025,9,Francia,Tiendas Propias,C0402,Marseille Shoe Corner 88,Retail Partner,Retail Partner,Small,US-006,Urban Eco,Sostenible,Claire Dubois,78,112.11,56.77,8744.87,4427.76,4317.11,49.37
2025-0171,2025-09-15,2025,9,Italia,Amazon,C0265,Andrea Greco,B2C,Consumer,Individual,US-007,Urban Premium,Premium,Giulia Romano,3,160.01,92.17,480.04,276.52,203.52,42.4
2025-0172,2025-09-08,2025,9,Italia,Retail Partners,C0385,Genova Calzature 52,Retail Partner,Retail Partner,Small,US-001,Urban Classic,Casual,Giulia Romano,90,68.33,40.44,6149.26,3640.05,2509.21,40.81
2025-0173,2025-09-07,2025,9,España,Amazon,C0183,David López,B2C,Consumer,Individual,US-004,Urban Trek,Outdoor,Laura Martín,4,138.11,89.42,552.45,357.7,194.75,35.25
2025-0174,2025-09-20,2025,9,Alemania,Ecommerce,C0230,Sophie Richter,B2C,Consumer,Individual,US-008,Urban Flex,Casual,Thomas Schneider,7,85.89,46.91,601.2,328.39,272.81,45.38
2025-0175,2025-09-10,2025,9,Alemania,Tiendas Propias,C0127,Tim Fischer,B2C,Consumer,Individual,US-003,Urban Business,Formal,Lukas Weber,7,118.59,68.32,830.11,478.26,351.85,42.39
2025-0176,2025-09-15,2025,9,Alemania,Amazon,C0028,Lukas Weber,B2C,Consumer,Individual,US-001,Urban Classic,Casual,Lukas Weber,8,84.01,42.41,672.12,339.32,332.8,49.51
2025-0177,2025-09-03,2025,9,Italia,Ecommerce,C0317,Giulia Romano,B2C,Consumer,Individual,US-005,Urban Kids,Infantil,Marco Rossi,7,56.35,30.91,394.47,216.4,178.07,45.14
2025-0178,2025-09-13,2025,9,Francia,Ecommerce,C0164,Manon Bernard,B2C,Consumer,Individual,US-008,Urban Flex,Casual,Sophie Martin,2,97.72,48.45,195.44,96.9,98.54,50.42
2025-0179,2025-09-05,2025,9,Italia,Ecommerce,C0104,Sara Costa,B2C,Consumer,Individual,US-003,Urban Business,Formal,Marco Rossi,8,125.88,71.44,1007.07,571.54,435.53,43.25
2025-0180,2025-09-18,2025,9,Francia,Ecommerce,C0111,Hugo Bernard,B2C,Consumer,Individual,US-003,Urban Business,Formal,Claire Dubois,5,128.55,67.76,642.73,338.8,303.93,47.29
2025-0181,2025-10-21,2025,10,España,Retail Partners,C0478,Distribuciones Levante Shoes 40,Distribuidor,Distributor,Large,US-001,Urban Classic,Casual,Marta Sánchez,156,72.02,44.52,11235.84,6945.84,4290.0,38.18
2025-0182,2025-10-16,2025,10,Francia,Tiendas Propias,C0043,Antoine Robert,B2C,Consumer,Individual,US-007,Urban Premium,Premium,Sophie Martin,4,139.33,92.56,557.33,370.22,187.11,33.57
2025-0183,2025-10-23,2025,10,Francia,Retail Partners,C0019,Louis Dubois,B2C,Consumer,Individual,US-004,Urban Trek,Outdoor,Sophie Martin,5,134.55,86.46,672.76,432.28,240.48,35.75
2025-0184,2025-10-23,2025,10,Italia,Retail Partners,C0393,Veneto Fashion Retail,Retail Partner,Retail Partner,Large,US-007,Urban Premium,Premium,Marco Rossi,40,138.27,86.02,5530.9,3440.93,2089.97,37.79
2025-0185,2025-10-21,2025,10,España,Amazon,C0173,Marta Rodríguez,B2C,Consumer,Individual,US-003,Urban Business,Formal,Laura Martín,6,111.71,67.66,670.28,405.96,264.32,39.43
2025-0186,2025-10-22,2025,10,Italia,Retail Partners,C0393,Veneto Fashion Retail,Retail Partner,Retail Partner,Large,US-006,Urban Eco,Sostenible,Giulia Romano,41,103.76,61.75,4254.29,2531.84,1722.45,40.49
2025-0187,2025-10-17,2025,10,Italia,Amazon,C0320,Davide Bianchi,B2C,Consumer,Individual,US-001,Urban Classic,Casual,Giulia Romano,6,85.18,40.39,511.07,242.31,268.76,52.59
2025-0188,2025-10-07,2025,10,Francia,Retail Partners,C0426,Toulouse Urban Shoes 90,Retail Partner,Retail Partner,Medium,US-008,Urban Flex,Casual,Claire Dubois,40,74.09,45.99,2963.46,1839.67,1123.79,37.92
2025-0189,2025-10-03,2025,10,Alemania,Retail Partners,C0335,Hamburg Urban Shoes,Retail Partner,Retail Partner,Medium,US-007,Urban Premium,Premium,Anna Keller,90,140.62,92.96,12656.11,8365.97,4290.14,33.9
2025-0190,2025-10-17,2025,10,Alemania,Retail Partners,C0336,Bavaria Footwear Group,Retail Partner,Retail Partner,Medium,US-002,Urban Runner,Running,Lukas Weber,66,88.78,52.68,5859.51,3476.73,2382.78,40.67
2025-0191,2025-10-07,2025,10,España,Ecommerce,C0245,Javier Martínez,B2C,Consumer,Individual,US-002,Urban Runner,Running,Laura Martín,3,104.33,51.84,312.99,155.52,157.47,50.31
2025-0192,2025-10-04,2025,10,Francia,Tiendas Propias,C0019,Louis Dubois,B2C,Consumer,Individual,US-001,Urban Classic,Casual,Sophie Martin,8,84.24,40.53,673.91,324.27,349.64,51.88
2025-0193,2025-10-01,2025,10,Francia,Retail Partners,C0139,Julien Michel,B2C,Consumer,Individual,US-003,Urban Business,Formal,Sophie Martin,5,111.6,67.74,557.99,338.71,219.28,39.3
2025-0194,2025-10-28,2025,10,Alemania,Retail Partners,C0386,Munich Shoe Center 22,Retail Partner,Retail Partner,Large,US-004,Urban Trek,Outdoor,Thomas Schneider,45,107.77,85.19,4849.5,3833.35,1016.15,20.95
2025-0195,2025-10-03,2025,10,Alemania,Tiendas Propias,C0449,Frankfurt Retail Shoes 20,Retail Partner,Retail Partner,Small,US-002,Urban Runner,Running,Anna Keller,84,95.43,53.74,8015.88,4514.57,3501.31,43.68
2025-0196,2025-10-01,2025,10,Italia,Retail Partners,C0421,Veneto Fashion Retail 15,Retail Partner,Retail Partner,Medium,US-002,Urban Runner,Running,Luca Bianchi,44,100.55,50.99,4424.11,2243.64,2180.47,49.29
2025-0197,2025-10-15,2025,10,España,Ecommerce,C0261,Miguel Ruiz,B2C,Consumer,Individual,US-007,Urban Premium,Premium,Marta Sánchez,8,148.4,90.7,1187.19,725.63,461.56,38.88
2025-0198,2025-10-04,2025,10,España,Tiendas Propias,C0309,Miguel García,B2C,Consumer,Individual,US-008,Urban Flex,Casual,Carlos Ruiz,7,86.2,46.4,603.42,324.82,278.6,46.17
2025-0199,2025-10-02,2025,10,España,Ecommerce,C0021,Irene Fernández,B2C,Consumer,Individual,US-003,Urban Business,Formal,Laura Martín,6,125.77,69.83,754.59,418.96,335.63,44.48
2025-0200,2025-10-08,2025,10,España,Amazon,C0261,Miguel Ruiz,B2C,Consumer,Individual,US-003,Urban Business,Formal,Marta Sánchez,5,125.39,72.14,626.93,360.72,266.21,42.46
2025-0201,2025-11-12,2025,11,Alemania,Retail Partners,C0335,Hamburg Urban Shoes,Retail Partner,Retail Partner,Medium,US-001,Urban Classic,Casual,Anna Keller,28,80.6,44.36,2256.85,1242.2,1014.65,44.96
2025-0202,2025-11-23,2025,11,Italia,Ecommerce,C0136,Elena Rossi,B2C,Consumer,Individual,US-003,Urban Business,Formal,Luca Bianchi,2,113.22,68.5,226.45,137.0,89.45,39.5
2025-0203,2025-11-13,2025,11,Italia,Tiendas Propias,C0265,Andrea Greco,B2C,Consumer,Individual,US-001,Urban Classic,Casual,Marco Rossi,4,78.29,43.32,313.14,173.27,139.87,44.67
2025-0204,2025-11-13,2025,11,Francia,Ecommerce,C0182,Claire Bernard,B2C,Consumer,Individual,US-002,Urban Runner,Running,Pierre Laurent,5,105.55,54.92,527.74,274.59,253.15,47.97
2025-0205,2025-11-09,2025,11,Francia,Retail Partners,C0399,Groupe Retail Nord 56,Retail Partner,Retail Partner,Large,US-008,Urban Flex,Casual,Pierre Laurent,85,75.78,49.45,6441.17,4203.38,2237.79,34.74
2025-0206,2025-11-01,2025,11,Italia,Retail Partners,C0102,Sofia Conti,B2C,Consumer,Individual,US-001,Urban Classic,Casual,Marco Rossi,1,85.28,42.83,85.28,42.83,42.45,49.78
2025-0207,2025-11-25,2025,11,Italia,Retail Partners,C0484,Logistica Scarpe Italia 19,Distribuidor,Distributor,Medium,US-002,Urban Runner,Running,Giulia Romano,239,80.2,50.4,19168.44,12044.99,7123.45,37.16
2025-0208,2025-11-01,2025,11,España,Retail Partners,C0358,Retail Footwear Iberia 35,Retail Partner,Retail Partner,Large,US-003,Urban Business,Formal,Laura Martín,53,110.46,71.89,5854.2,3809.92,2044.28,34.92
2025-0209,2025-11-02,2025,11,Alemania,Tiendas Propias,C0283,Laura Hoffmann,B2C,Consumer,Individual,US-003,Urban Business,Formal,Anna Keller,6,128.94,68.89,773.63,413.35,360.28,46.57
2025-0210,2025-11-23,2025,11,Italia,Ecommerce,C0277,Martina Bruno,B2C,Consumer,Individual,US-007,Urban Premium,Premium,Giulia Romano,3,151.75,85.9,455.25,257.7,197.55,43.39
2025-0211,2025-11-17,2025,11,España,Retail Partners,C0437,Zapaterías Costa Brava 45,Retail Partner,Retail Partner,Large,US-005,Urban Kids,Infantil,Laura Martín,89,56.58,30.51,5035.61,2715.68,2319.93,46.07
2025-0212,2025-11-02,2025,11,Francia,Retail Partners,C0147,Antoine Michel,B2C,Consumer,Individual,US-004,Urban Trek,Outdoor,Sophie Martin,6,137.77,84.5,826.6,507.01,319.59,38.66
2025-0213,2025-11-04,2025,11,España,Retail Partners,C0333,Valencia Calzado Retail,Retail Partner,Retail Partner,Small,US-002,Urban Runner,Running,Carlos Ruiz,94,82.12,55.48,7719.19,5215.31,2503.88,32.44
2025-0214,2025-11-19,2025,11,España,Amazon,C0294,Carlos Martín,B2C,Consumer,Individual,US-001,Urban Classic,Casual,Laura Martín,4,76.99,43.59,307.96,174.35,133.61,43.39
2025-0215,2025-11-15,2025,11,España,Tiendas Propias,C0081,Javier González,B2C,Consumer,Individual,US-001,Urban Classic,Casual,Marta Sánchez,3,73.75,41.96,221.25,125.89,95.36,43.1
2025-0216,2025-11-13,2025,11,Francia,Retail Partners,C0341,Sud France Shoes,Retail Partner,Retail Partner,Medium,US-002,Urban Runner,Running,Pierre Laurent,80,91.29,56.07,7303.21,4485.69,2817.52,38.58
2025-0217,2025-11-11,2025,11,Italia,Retail Partners,C0393,Veneto Fashion Retail,Retail Partner,Retail Partner,Large,US-005,Urban Kids,Infantil,Marco Rossi,46,53.83,30.61,2476.3,1408.06,1068.24,43.14
2025-0218,2025-11-02,2025,11,Francia,Retail Partners,C0426,Toulouse Urban Shoes 90,Retail Partner,Retail Partner,Medium,US-002,Urban Runner,Running,Pierre Laurent,29,94.52,53.26,2741.08,1544.64,1196.44,43.65
2025-0219,2025-11-09,2025,11,Francia,Tiendas Propias,C0350,Sud France Shoes 86,Retail Partner,Retail Partner,Small,US-004,Urban Trek,Outdoor,Sophie Martin,31,123.98,87.5,3843.25,2712.42,1130.83,29.42
2025-0220,2025-11-14,2025,11,Francia,Retail Partners,C0348,Retail Lyon Footwear,Retail Partner,Retail Partner,Medium,US-002,Urban Runner,Running,Claire Dubois,29,95.83,51.8,2779.21,1502.3,1276.91,45.95
2025-0221,2025-12-01,2025,12,España,Retail Partners,C0417,Valencia Calzado Retail 69,Retail Partner,Retail Partner,Medium,US-002,Urban Runner,Running,Marta Sánchez,85,87.57,54.68,7443.7,4648.13,2795.57,37.56
2025-0222,2025-12-28,2025,12,Alemania,Retail Partners,C0410,Frankfurt Retail Shoes,Retail Partner,Retail Partner,Large,US-003,Urban Business,Formal,Lukas Weber,79,107.65,70.49,8503.98,5568.35,2935.63,34.52
2025-0223,2025-12-24,2025,12,Italia,Tiendas Propias,C0061,Giovanni Ricci,B2C,Consumer,Individual,US-004,Urban Trek,Outdoor,Luca Bianchi,6,130.71,84.05,784.25,504.31,279.94,35.7
2025-0224,2025-12-10,2025,12,Alemania,Retail Partners,C0326,Cologne Shoe Market,Retail Partner,Retail Partner,Medium,US-002,Urban Runner,Running,Thomas Schneider,28,91.1,55.2,2550.87,1545.57,1005.3,39.41
2025-0225,2025-12-26,2025,12,Italia,Ecommerce,C0102,Sofia Conti,B2C,Consumer,Individual,US-003,Urban Business,Formal,Giulia Romano,2,113.88,65.51,227.76,131.01,96.75,42.48
2025-0226,2025-12-26,2025,12,Francia,Retail Partners,C0379,Mode Chaussure Bordeaux,Retail Partner,Retail Partner,Small,US-003,Urban Business,Formal,Pierre Laurent,24,99.17,67.51,2379.96,1620.13,759.83,31.93
2025-0227,2025-12-11,2025,12,España,Retail Partners,C0420,Andalucía Shoe Market 81,Retail Partner,Retail Partner,Large,US-008,Urban Flex,Casual,Marta Sánchez,82,88.79,45.43,7281.13,3725.43,3555.7,48.83
2025-0228,2025-12-27,2025,12,España,Amazon,C0116,Miguel Martínez,B2C,Consumer,Individual,US-007,Urban Premium,Premium,Laura Martín,2,149.21,93.35,298.43,186.7,111.73,37.44
2025-0229,2025-12-20,2025,12,Francia,Ecommerce,C0016,Julie Petit,B2C,Consumer,Individual,US-008,Urban Flex,Casual,Sophie Martin,5,90.72,45.63,453.62,228.15,225.47,49.7
2025-0230,2025-12-07,2025,12,España,Retail Partners,C0465,Distribuciones Levante Shoes 38,Distribuidor,Distributor,Large,US-005,Urban Kids,Infantil,Carlos Ruiz,140,51.24,29.58,7173.62,4141.88,3031.74,42.26
2025-0231,2025-12-14,2025,12,España,Retail Partners,C0438,Calzados Mediterráneo SL 74,Retail Partner,Retail Partner,Medium,US-001,Urban Classic,Casual,Carlos Ruiz,88,69.76,45.1,6139.03,3968.93,2170.1,35.35
2025-0232,2025-12-20,2025,12,Alemania,Retail Partners,C0386,Munich Shoe Center 22,Retail Partner,Retail Partner,Large,US-002,Urban Runner,Running,Anna Keller,67,100.02,50.05,6701.4,3353.45,3347.95,49.96
2025-0233,2025-12-23,2025,12,Italia,Retail Partners,C0411,Veneto Fashion Retail 44,Retail Partner,Retail Partner,Medium,US-005,Urban Kids,Infantil,Giulia Romano,50,52.44,30.18,2622.04,1509.24,1112.8,42.44
2025-0234,2025-12-09,2025,12,Italia,Tiendas Propias,C0366,Napoli Shoe Store,Retail Partner,Retail Partner,Small,US-007,Urban Premium,Premium,Giulia Romano,76,132.81,94.09,10093.89,7150.64,2943.25,29.16
2025-0235,2025-12-26,2025,12,Alemania,Ecommerce,C0106,Felix Becker,B2C,Consumer,Individual,US-002,Urban Runner,Running,Thomas Schneider,3,108.39,53.86,325.17,161.58,163.59,50.31
2025-0236,2025-12-23,2025,12,España,Retail Partners,C0377,Valencia Calzado Retail 49,Retail Partner,Retail Partner,Small,US-006,Urban Eco,Sostenible,Carlos Ruiz,82,102.57,58.55,8410.78,4801.45,3609.33,42.91
2025-0237,2025-12-18,2025,12,Alemania,Tiendas Propias,C0339,Hamburg Urban Shoes 30,Retail Partner,Retail Partner,Medium,US-005,Urban Kids,Infantil,Thomas Schneider,84,51.04,30.32,4287.07,2546.47,1740.6,40.6
2025-0238,2025-12-05,2025,12,Italia,Amazon,C0253,Elena Romano,B2C,Consumer,Individual,US-005,Urban Kids,Infantil,Marco Rossi,3,61.56,31.65,184.69,94.94,89.75,48.59
2025-0239,2025-12-27,2025,12,Italia,Retail Partners,C0427,Milano Shoe Retail SRL 99,Retail Partner,Retail Partner,Large,US-004,Urban Trek,Outdoor,Luca Bianchi,34,115.92,86.87,3941.16,2953.48,987.68,25.06
2025-0240,2025-12-06,2025,12,Alemania,Retail Partners,C0336,Bavaria Footwear Group,Retail Partner,Retail Partner,Medium,US-006,Urban Eco,Sostenible,Thomas Schneider,60,95.97,61.76,5758.42,3705.58,2052.84,35.65
2026-0001,2026-01-13,2026,1,Francia,Amazon,C0194,Sophie Robert,B2C,Consumer,Individual,US-002,Urban Runner,Running,Claire Dubois,8,98.62,52.38,788.96,419.0,369.96,46.89
2026-0002,2026-01-07,2026,1,Alemania,Ecommerce,C0093,Leon Becker,B2C,Consumer,Individual,US-004,Urban Trek,Outdoor,Lukas Weber,4,141.03,107.1,564.11,428.39,135.72,24.06
2026-0003,2026-01-19,2026,1,España,Retail Partners,C0493,Grupo Calzado Norte 60,Distribuidor,Distributor,Medium,US-004,Urban Trek,Outdoor,Laura Martín,216,102.92,96.53,22231.73,20851.53,1380.2,6.21
2026-0004,2026-01-07,2026,1,Francia,Ecommerce,C0166,Emma Michel,B2C,Consumer,Individual,US-006,Urban Eco,Sostenible,Pierre Laurent,9,103.7,60.65,933.26,545.82,387.44,41.51
2026-0005,2026-01-10,2026,1,Francia,Ecommerce,C0166,Emma Michel,B2C,Consumer,Individual,US-003,Urban Business,Formal,Claire Dubois,4,123.52,73.4,494.1,293.6,200.5,40.58
2026-0006,2026-01-08,2026,1,Francia,Retail Partners,C0348,Retail Lyon Footwear,Retail Partner,Retail Partner,Medium,US-006,Urban Eco,Sostenible,Pierre Laurent,21,97.37,57.5,2044.67,1207.54,837.13,40.94
2026-0007,2026-01-13,2026,1,Italia,Amazon,C0311,Marco Bruno,B2C,Consumer,Individual,US-001,Urban Classic,Casual,Luca Bianchi,3,85.86,45.23,257.59,135.69,121.9,47.32
2026-0008,2026-01-08,2026,1,Francia,Ecommerce,C0394,Mode Chaussure Bordeaux 71,Retail Partner,Retail Partner,Small,US-006,Urban Eco,Sostenible,Pierre Laurent,62,88.84,59.56,5508.05,3692.52,1815.53,32.96
2026-0009,2026-01-12,2026,1,Alemania,Tiendas Propias,C0010,Jonas Fischer,B2C,Consumer,Individual,US-001,Urban Classic,Casual,Anna Keller,8,77.77,42.31,622.17,338.47,283.7,45.6
2026-0010,2026-01-15,2026,1,Italia,Tiendas Propias,C0095,Martina Marino,B2C,Consumer,Individual,US-002,Urban Runner,Running,Marco Rossi,3,101.05,55.73,303.14,167.18,135.96,44.85
2026-0011,2026-01-16,2026,1,Alemania,Ecommerce,C0246,Anna Schmidt,B2C,Consumer,Individual,US-002,Urban Runner,Running,Lukas Weber,2,97.65,56.03,195.3,112.05,83.25,42.63
2026-0012,2026-01-11,2026,1,Alemania,Retail Partners,C0365,Cologne Shoe Market 81,Retail Partner,Retail Partner,Medium,US-007,Urban Premium,Premium,Lukas Weber,57,136.58,92.52,7784.97,5273.76,2511.21,32.26
2026-0013,2026-01-21,2026,1,Francia,Tiendas Propias,C0231,Manon Robert,B2C,Consumer,Individual,US-006,Urban Eco,Sostenible,Pierre Laurent,3,112.27,62.1,336.82,186.31,150.51,44.69
2026-0014,2026-01-14,2026,1,España,Ecommerce,C0207,Elena Fernández,B2C,Consumer,Individual,US-002,Urban Runner,Running,Laura Martín,11,96.71,54.33,1063.78,597.58,466.2,43.82
2026-0015,2026-01-28,2026,1,Alemania,Tiendas Propias,C0327,Berlin Footwear GmbH,Retail Partner,Retail Partner,Medium,US-003,Urban Business,Formal,Anna Keller,107,112.31,69.3,12016.76,7415.4,4601.36,38.29
2026-0016,2026-01-19,2026,1,España,Ecommerce,C0233,Pablo Sánchez,B2C,Consumer,Individual,US-002,Urban Runner,Running,Marta Sánchez,3,105.43,55.05,316.3,165.16,151.14,47.78
2026-0017,2026-01-25,2026,1,Italia,Amazon,C0098,Giovanni Greco,B2C,Consumer,Individual,US-004,Urban Trek,Outdoor,Giulia Romano,3,129.64,96.39,388.92,289.17,99.75,25.65
2026-0018,2026-01-04,2026,1,Alemania,Retail Partners,C0237,Max Schneider,B2C,Consumer,Individual,US-002,Urban Runner,Running,Lukas Weber,1,99.09,53.6,99.09,53.6,45.49,45.91
2026-0019,2026-01-02,2026,1,España,Ecommerce,C0222,Sergio Martín,B2C,Consumer,Individual,US-003,Urban Business,Formal,Marta Sánchez,6,123.4,65.33,740.39,391.96,348.43,47.06
2026-0020,2026-01-24,2026,1,Francia,Retail Partners,C0430,Retail Lyon Footwear 15,Retail Partner,Retail Partner,Small,US-001,Urban Classic,Casual,Sophie Martin,24,78.41,41.75,1881.73,1001.91,879.82,46.76
2026-0021,2026-02-13,2026,2,Italia,Amazon,C0109,Matteo Bruno,B2C,Consumer,Individual,US-002,Urban Runner,Running,Marco Rossi,3,96.35,54.73,289.04,164.19,124.85,43.19
2026-0022,2026-02-05,2026,2,España,Ecommerce,C0026,Miguel López,B2C,Consumer,Individual,US-006,Urban Eco,Sostenible,Laura Martín,6,114.07,62.32,684.4,373.94,310.46,45.36
2026-0023,2026-02-12,2026,2,Alemania,Ecommerce,C0031,Emma Schmidt,B2C,Consumer,Individual,US-007,Urban Premium,Premium,Thomas Schneider,3,148.2,85.49,444.6,256.48,188.12,42.31
2026-0024,2026-02-12,2026,2,Francia,Ecommerce,C0138,Claire Dubois,B2C,Consumer,Individual,US-003,Urban Business,Formal,Claire Dubois,8,112.6,68.73,900.82,549.82,351.0,38.96
2026-0025,2026-02-21,2026,2,Italia,Ecommerce,C0317,Giulia Romano,B2C,Consumer,Individual,US-001,Urban Classic,Casual,Luca Bianchi,7,87.31,43.73,611.17,306.1,305.07,49.92
2026-0026,2026-02-26,2026,2,Alemania,Retail Partners,C0390,Bavaria Footwear Group 24,Retail Partner,Retail Partner,Small,US-004,Urban Trek,Outdoor,Lukas Weber,94,105.62,101.06,9928.59,9499.61,428.98,4.32
2026-0027,2026-02-03,2026,2,Alemania,Ecommerce,C0090,Tim Wagner,B2C,Consumer,Individual,US-007,Urban Premium,Premium,Anna Keller,9,146.49,84.98,1318.45,764.86,553.59,41.99
2026-0028,2026-02-25,2026,2,Francia,Amazon,C0138,Claire Dubois,B2C,Consumer,Individual,US-001,Urban Classic,Casual,Claire Dubois,5,78.52,43.27,392.62,216.36,176.26,44.89
2026-0029,2026-02-14,2026,2,Alemania,Ecommerce,C0314,Paul Klein,B2C,Consumer,Individual,US-002,Urban Runner,Running,Thomas Schneider,3,107.09,50.2,321.27,150.61,170.66,53.12
2026-0030,2026-02-28,2026,2,Italia,Ecommerce,C0161,Luca Rossi,B2C,Consumer,Individual,US-006,Urban Eco,Sostenible,Marco Rossi,9,113.61,57.52,1022.48,517.72,504.76,49.37
2026-0031,2026-02-13,2026,2,España,Ecommerce,C0163,Carlos Jiménez,B2C,Consumer,Individual,US-007,Urban Premium,Premium,Laura Martín,2,150.2,84.67,300.41,169.34,131.07,43.63
2026-0032,2026-02-20,2026,2,Italia,Ecommerce,C0301,Matteo Ricci,B2C,Consumer,Individual,US-005,Urban Kids,Infantil,Giulia Romano,9,58.09,31.73,522.77,285.55,237.22,45.38
2026-0033,2026-02-01,2026,2,Alemania,Retail Partners,C0414,Cologne Shoe Market 80,Retail Partner,Retail Partner,Small,US-006,Urban Eco,Sostenible,Thomas Schneider,33,90.22,55.78,2977.21,1840.63,1136.58,38.18
2026-0034,2026-02-26,2026,2,Alemania,Tiendas Propias,C0329,Stuttgart Schuhhaus,Retail Partner,Retail Partner,Medium,US-003,Urban Business,Formal,Thomas Schneider,44,113.39,68.84,4988.95,3028.79,1960.16,39.29
2026-0035,2026-02-05,2026,2,España,Ecommerce,C0184,Sergio Jiménez,B2C,Consumer,Individual,US-002,Urban Runner,Running,Marta Sánchez,10,92.46,50.96,924.59,509.56,415.03,44.89
2026-0036,2026-02-27,2026,2,Alemania,Retail Partners,C0414,Cologne Shoe Market 80,Retail Partner,Retail Partner,Small,US-001,Urban Classic,Casual,Lukas Weber,83,74.07,41.33,6147.56,3430.78,2716.78,44.19
2026-0037,2026-02-18,2026,2,España,Ecommerce,C0250,David Ruiz,B2C,Consumer,Individual,US-008,Urban Flex,Casual,Carlos Ruiz,9,94.58,48.48,851.2,436.32,414.88,48.74
2026-0038,2026-02-01,2026,2,Francia,Ecommerce,C0185,Camille Leroy,B2C,Consumer,Individual,US-004,Urban Trek,Outdoor,Pierre Laurent,9,125.35,96.2,1128.19,865.77,262.42,23.26
2026-0039,2026-02-20,2026,2,Italia,Amazon,C0240,Valentina Ferrari,B2C,Consumer,Individual,US-007,Urban Premium,Premium,Luca Bianchi,7,162.42,85.71,1136.92,600.0,536.92,47.23
2026-0040,2026-02-17,2026,2,Italia,Ecommerce,C0225,Valentina Bianchi,B2C,Consumer,Individual,US-002,Urban Runner,Running,Marco Rossi,5,100.43,52.65,502.16,263.27,238.89,47.57
2026-0041,2026-03-14,2026,3,Italia,Amazon,C0208,Sofia Bruno,B2C,Consumer,Individual,US-002,Urban Runner,Running,Luca Bianchi,6,104.95,52.36,629.72,314.14,315.58,50.11
2026-0042,2026-03-24,2026,3,Francia,Retail Partners,C0270,Manon Richard,B2C,Consumer,Individual,US-006,Urban Eco,Sostenible,Sophie Martin,2,113.57,57.65,227.14,115.29,111.85,49.24
2026-0043,2026-03-10,2026,3,España,Retail Partners,C0441,Barcelona Shoe Center 71,Retail Partner,Retail Partner,Large,US-002,Urban Runner,Running,Laura Martín,94,88.19,52.52,8289.79,4936.48,3353.31,40.45
2026-0044,2026-03-27,2026,3,España,Ecommerce,C0132,Lucía Martínez,B2C,Consumer,Individual,US-002,Urban Runner,Running,Marta Sánchez,7,98.43,50.91,689.03,356.37,332.66,48.28
2026-0045,2026-03-09,2026,3,España,Ecommerce,C0145,Lucía Rodríguez,B2C,Consumer,Individual,US-001,Urban Classic,Casual,Carlos Ruiz,4,75.19,41.45,300.74,165.8,134.94,44.87
2026-0046,2026-03-04,2026,3,Alemania,Retail Partners,C0326,Cologne Shoe Market,Retail Partner,Retail Partner,Medium,US-002,Urban Runner,Running,Thomas Schneider,52,97.44,55.37,5067.14,2879.34,2187.8,43.18
2026-0047,2026-03-20,2026,3,Alemania,Ecommerce,C0025,Sophie Wagner,B2C,Consumer,Individual,US-008,Urban Flex,Casual,Anna Keller,2,98.38,49.53,196.77,99.06,97.71,49.66
2026-0048,2026-03-10,2026,3,España,Retail Partners,C0420,Andalucía Shoe Market 81,Retail Partner,Retail Partner,Large,US-002,Urban Runner,Running,Marta Sánchez,39,93.88,55.6,3661.24,2168.58,1492.66,40.77
2026-0049,2026-03-28,2026,3,Francia,Amazon,C0177,Julie Moreau,B2C,Consumer,Individual,US-002,Urban Runner,Running,Sophie Martin,7,98.03,50.78,686.23,355.46,330.77,48.2
2026-0050,2026-03-12,2026,3,Francia,Amazon,C0379,Mode Chaussure Bordeaux,Retail Partner,Retail Partner,Small,US-002,Urban Runner,Running,Claire Dubois,100,85.08,53.07,8508.03,5307.13,3200.9,37.62
2026-0051,2026-03-14,2026,3,Francia,Retail Partners,C0379,Mode Chaussure Bordeaux,Retail Partner,Retail Partner,Small,US-002,Urban Runner,Running,Pierre Laurent,100,92.03,51.34,9203.07,5134.39,4068.68,44.21
2026-0052,2026-03-25,2026,3,Alemania,Tiendas Propias,C0025,Sophie Wagner,B2C,Consumer,Individual,US-006,Urban Eco,Sostenible,Anna Keller,7,119.89,58.76,839.2,411.32,427.88,50.99
2026-0053,2026-03-13,2026,3,Francia,Retail Partners,C0394,Mode Chaussure Bordeaux 71,Retail Partner,Retail Partner,Small,US-001,Urban Classic,Casual,Sophie Martin,55,70.85,44.21,3896.51,2431.7,1464.81,37.59
2026-0054,2026-03-23,2026,3,Italia,Retail Partners,C0401,Napoli Shoe Store 80,Retail Partner,Retail Partner,Medium,US-001,Urban Classic,Casual,Luca Bianchi,79,81.27,42.43,6419.97,3352.23,3067.74,47.78
2026-0055,2026-03-20,2026,3,Alemania,Tiendas Propias,C0050,Lukas Becker,B2C,Consumer,Individual,US-007,Urban Premium,Premium,Anna Keller,1,160.75,93.99,160.75,93.99,66.76,41.53
2026-0056,2026-03-13,2026,3,Francia,Retail Partners,C0332,Groupe Retail Nord 48,Retail Partner,Retail Partner,Small,US-007,Urban Premium,Premium,Sophie Martin,70,145.09,93.85,10156.38,6569.77,3586.61,35.31
2026-0057,2026-03-07,2026,3,España,Tiendas Propias,C0207,Elena Fernández,B2C,Consumer,Individual,US-002,Urban Runner,Running,Laura Martín,3,101.34,53.29,304.03,159.88,144.15,47.41
2026-0058,2026-03-18,2026,3,Francia,Amazon,C0263,Manon Durand,B2C,Consumer,Individual,US-006,Urban Eco,Sostenible,Claire Dubois,3,101.83,61.88,305.49,185.63,119.86,39.24
2026-0059,2026-03-09,2026,3,Alemania,Ecommerce,C0260,Marie Schneider,B2C,Consumer,Individual,US-005,Urban Kids,Infantil,Thomas Schneider,2,62.64,31.83,125.29,63.66,61.63,49.19
2026-0060,2026-03-26,2026,3,España,Amazon,C0047,Lucía Fernández,B2C,Consumer,Individual,US-003,Urban Business,Formal,Marta Sánchez,1,120.38,73.3,120.38,73.3,47.08,39.11
2026-0061,2026-04-23,2026,4,Italia,Tiendas Propias,C0400,Firenze Footwear Boutique,Retail Partner,Retail Partner,Medium,US-007,Urban Premium,Premium,Luca Bianchi,49,136.54,87.48,6690.49,4286.75,2403.74,35.93
2026-0062,2026-04-12,2026,4,Alemania,Retail Partners,C0405,Bavaria Footwear Group 98,Retail Partner,Retail Partner,Medium,US-006,Urban Eco,Sostenible,Lukas Weber,35,99.81,59.73,3493.22,2090.67,1402.55,40.15
2026-0063,2026-04-07,2026,4,Alemania,Ecommerce,C0040,Lena Fischer,B2C,Consumer,Individual,US-001,Urban Classic,Casual,Lukas Weber,1,79.51,40.98,79.51,40.98,38.53,48.46
2026-0064,2026-04-21,2026,4,Italia,Ecommerce,C0058,Chiara Conti,B2C,Consumer,Individual,US-004,Urban Trek,Outdoor,Giulia Romano,8,140.22,102.45,1121.75,819.56,302.19,26.94
2026-0065,2026-04-23,2026,4,Italia,Tiendas Propias,C0419,Torino Calzature 63,Retail Partner,Retail Partner,Medium,US-006,Urban Eco,Sostenible,Giulia Romano,73,102.27,56.68,7465.99,4137.98,3328.01,44.58
2026-0066,2026-04-06,2026,4,Italia,Ecommerce,C0253,Elena Romano,B2C,Consumer,Individual,US-001,Urban Classic,Casual,Luca Bianchi,4,79.95,40.48,319.78,161.94,157.84,49.36
2026-0067,2026-04-05,2026,4,Alemania,Ecommerce,C0122,Leon Müller,B2C,Consumer,Individual,US-001,Urban Classic,Casual,Anna Keller,8,81.6,40.52,652.8,324.18,328.62,50.34
2026-0068,2026-04-19,2026,4,Alemania,Ecommerce,C0025,Sophie Wagner,B2C,Consumer,Individual,US-002,Urban Runner,Running,Lukas Weber,1,106.17,50.81,106.17,50.81,55.36,52.14
2026-0069,2026-04-03,2026,4,Alemania,Ecommerce,C0025,Sophie Wagner,B2C,Consumer,Individual,US-002,Urban Runner,Running,Anna Keller,12,92.11,53.34,1105.29,640.04,465.25,42.09
2026-0070,2026-04-20,2026,4,Italia,Ecommerce,C0450,Torino Calzature 89,Retail Partner,Retail Partner,Medium,US-003,Urban Business,Formal,Marco Rossi,75,116.91,69.16,8768.14,5186.84,3581.3,40.84
2026-0071,2026-04-26,2026,4,Francia,Retail Partners,C0467,Euro Mode France,Distribuidor,Distributor,Large,US-006,Urban Eco,Sostenible,Claire Dubois,232,89.52,61.71,20769.64,14316.67,6452.97,31.07
2026-0072,2026-04-24,2026,4,Francia,Retail Partners,C0350,Sud France Shoes 86,Retail Partner,Retail Partner,Small,US-007,Urban Premium,Premium,Pierre Laurent,58,142.55,94.6,8267.79,5486.64,2781.15,33.64
2026-0073,2026-04-07,2026,4,Alemania,Retail Partners,C0414,Cologne Shoe Market 80,Retail Partner,Retail Partner,Small,US-004,Urban Trek,Outdoor,Thomas Schneider,64,120.33,96.95,7701.07,6204.75,1496.32,19.43
2026-0074,2026-04-22,2026,4,Alemania,Amazon,C0067,Tim Klein,B2C,Consumer,Individual,US-004,Urban Trek,Outdoor,Thomas Schneider,9,131.64,95.69,1184.77,861.25,323.52,27.31
2026-0075,2026-04-11,2026,4,España,Ecommerce,C0173,Marta Rodríguez,B2C,Consumer,Individual,US-002,Urban Runner,Running,Carlos Ruiz,11,93.58,53.25,1029.36,585.74,443.62,43.1
2026-0076,2026-04-11,2026,4,Francia,Amazon,C0310,Emma Bernard,B2C,Consumer,Individual,US-002,Urban Runner,Running,Pierre Laurent,3,99.46,55.28,298.39,165.85,132.54,44.42
2026-0077,2026-04-03,2026,4,España,Ecommerce,C0069,Miguel Martín,B2C,Consumer,Individual,US-004,Urban Trek,Outdoor,Laura Martín,6,123.31,98.52,739.89,591.13,148.76,20.11
2026-0078,2026-04-10,2026,4,Francia,Ecommerce,C0085,Hugo Durand,B2C,Consumer,Individual,US-001,Urban Classic,Casual,Pierre Laurent,7,76.05,43.92,532.35,307.41,224.94,42.25
2026-0079,2026-04-20,2026,4,España,Ecommerce,C0259,Sergio Pérez,B2C,Consumer,Individual,US-002,Urban Runner,Running,Marta Sánchez,2,92.99,51.42,185.99,102.83,83.16,44.71
2026-0080,2026-04-18,2026,4,Francia,Ecommerce,C0103,Nicolas Laurent,B2C,Consumer,Individual,US-002,Urban Runner,Running,Pierre Laurent,2,96.87,51.91,193.74,103.81,89.93,46.42
2026-0081,2026-05-22,2026,5,España,Ecommerce,C0222,Sergio Martín,B2C,Consumer,Individual,US-007,Urban Premium,Premium,Laura Martín,1,145.79,94.65,145.79,94.65,51.14,35.08
2026-0082,2026-05-17,2026,5,Italia,Ecommerce,C0278,Davide Romano,B2C,Consumer,Individual,US-002,Urban Runner,Running,Marco Rossi,10,100.02,55.2,1000.17,552.01,448.16,44.81
2026-0083,2026-05-15,2026,5,España,Retail Partners,C0387,Calzados Mediterráneo SL 47,Retail Partner,Retail Partner,Medium,US-008,Urban Flex,Casual,Laura Martín,47,85.25,47.51,4006.82,2232.97,1773.85,44.27
2026-0084,2026-05-16,2026,5,Francia,Ecommerce,C0139,Julien Michel,B2C,Consumer,Individual,US-005,Urban Kids,Infantil,Pierre Laurent,3,54.88,32.16,164.63,96.48,68.15,41.4
2026-0085,2026-05-02,2026,5,Alemania,Amazon,C0025,Sophie Wagner,B2C,Consumer,Individual,US-008,Urban Flex,Casual,Anna Keller,4,92.14,48.0,368.58,191.99,176.59,47.91
2026-0086,2026-05-14,2026,5,Italia,Retail Partners,C0369,Genova Calzature,Retail Partner,Retail Partner,Large,US-001,Urban Classic,Casual,Marco Rossi,32,80.15,43.97,2564.96,1407.18,1157.78,45.14
2026-0087,2026-05-23,2026,5,Alemania,Amazon,C0281,Marie Fischer,B2C,Consumer,Individual,US-007,Urban Premium,Premium,Lukas Weber,7,155.61,94.83,1089.24,663.78,425.46,39.06
2026-0088,2026-05-23,2026,5,Italia,Ecommerce,C0286,Valentina Conti,B2C,Consumer,Individual,US-002,Urban Runner,Running,Marco Rossi,11,109.16,51.97,1200.75,571.67,629.08,52.39
2026-0089,2026-05-23,2026,5,España,Retail Partners,C0344,Madrid Urban Shoes,Retail Partner,Retail Partner,Large,US-001,Urban Classic,Casual,Carlos Ruiz,19,77.36,42.4,1469.8,805.64,664.16,45.19
2026-0090,2026-05-13,2026,5,Italia,Retail Partners,C0475,Logistica Scarpe Italia 50,Distribuidor,Distributor,Large,US-004,Urban Trek,Outdoor,Luca Bianchi,233,114.31,96.94,26633.25,22588.15,4045.1,15.19
2026-0091,2026-05-08,2026,5,España,Ecommerce,C0141,Laura Rodríguez,B2C,Consumer,Individual,US-001,Urban Classic,Casual,Marta Sánchez,7,86.78,42.56,607.48,297.92,309.56,50.96
2026-0092,2026-05-16,2026,5,España,Ecommerce,C0262,Pablo Jiménez,B2C,Consumer,Individual,US-002,Urban Runner,Running,Carlos Ruiz,7,106.48,51.3,745.33,359.1,386.23,51.82
2026-0093,2026-05-17,2026,5,Francia,Ecommerce,C0279,Claire Durand,B2C,Consumer,Individual,US-001,Urban Classic,Casual,Pierre Laurent,8,75.05,41.72,600.38,333.74,266.64,44.41
2026-0094,2026-05-03,2026,5,España,Ecommerce,C0204,Lucía López,B2C,Consumer,Individual,US-005,Urban Kids,Infantil,Laura Martín,3,55.56,29.26,166.69,87.79,78.9,47.33
2026-0095,2026-05-23,2026,5,Italia,Ecommerce,C0200,Giovanni Ferrari,B2C,Consumer,Individual,US-007,Urban Premium,Premium,Luca Bianchi,6,143.72,91.64,862.29,549.84,312.45,36.23
2026-0096,2026-05-21,2026,5,España,Amazon,C0141,Laura Rodríguez,B2C,Consumer,Individual,US-007,Urban Premium,Premium,Laura Martín,1,163.72,91.25,163.72,91.25,72.47,44.26
2026-0097,2026-05-02,2026,5,Francia,Retail Partners,C0467,Euro Mode France,Distribuidor,Distributor,Large,US-002,Urban Runner,Running,Claire Dubois,294,84.26,53.01,24772.09,15585.64,9186.45,37.08
2026-0098,2026-05-03,2026,5,España,Ecommerce,C0132,Lucía Martínez,B2C,Consumer,Individual,US-004,Urban Trek,Outdoor,Marta Sánchez,7,120.09,97.79,840.63,684.56,156.07,18.57
2026-0099,2026-05-11,2026,5,Alemania,Retail Partners,C0326,Cologne Shoe Market,Retail Partner,Retail Partner,Medium,US-008,Urban Flex,Casual,Lukas Weber,80,85.92,50.29,6873.84,4023.35,2850.49,41.47
2026-0100,2026-05-11,2026,5,Italia,Ecommerce,C0044,Marco Gallo,B2C,Consumer,Individual,US-003,Urban Business,Formal,Giulia Romano,1,123.36,70.39,123.36,70.39,52.97,42.94
